Start,End,Event,City,Region,Type,Tier,Date status,Why the spotlight is here,Press access route,Known sponsor / presenter,"Parties, suites and side events to work"
2026-10-07,2026-10-18,BFI London Film Festival (70th),London,UK / Europe,Film festival,A,CONFIRMED,Awards-season premieres hit Europe; UK press center of gravity in October,BFI press office / LFF press accreditation,American Express (historic headline partner - verify),"Gala premieres, Leicester Square carpets"
2026-10-15,2026-10-23,El Gouna Film Festival,El Gouna,Middle East / Egypt,Film festival,A,CONFIRMED,The Arab world's glamour carpet; Egyptian and Gulf stars,Accreditation open on elgounafilmfestival.com,Sawiris family / Orascom (founders),"Opening and closing carpets, beach parties"
2026-10-17,,Academy Museum Gala (6th),Los Angeles,LA,Gala,A,CONFIRMED,First big Academy-world carpet of the season,academymuseum.org/press,Rolex,After-party inside the museum
2026-10-21,2026-12-31,Riyadh Season 2026 (10 weeks),Riyadh,Middle East / Saudi,"Season of concerts, fights, shows",A,CONFIRMED,Saudi Arabia buys the world's biggest acts and fights for 10 weeks,General Entertainment Authority (GEA) media center,GEA / Turki Alalshikh,"Six Kings Slam, UFC/boxing nights, Joy Forum (2025 was mid-Oct)"
2026-10-21,2026-10-25,AFI Fest (40th),Hollywood,LA,Film festival,A,CONFIRMED,Oscar contenders' LA premieres at the TCL Chinese,AFI press office (afi.com/press),Canva (presenting),Premiere carpets on Hollywood Blvd
2026-10-22,2026-10-26,Dubai Fashion Week (SS27),Dubai,Middle East / UAE,Fashion week,B,CONFIRMED,Gulf fashion and regional couture names,Dubai Design District (d3) / Arab Fashion Council media,d3 / TECOM,"Runway shows, designer dinners"
2026-10-26,2026-11-04,Tokyo International Film Festival (39th),Tokyo,Asia / Japan,Film festival,B,CONFIRMED,Asia's premiere window; TIFFCOM market Oct 28-30,TIFF press accreditation,,
2026-11-05,,Soul Train Awards (taping; airs Nov 27 on BET + CBS),Chicago,USA,Music awards,A,CONFIRMED,Returns after 3 years; first time on CBS,BET Networks press (Paramount),BET / Paramount,Pre-parties in Chicago
2026-11-07,,LACMA Art+Film Gala (15th),Los Angeles,LA,Gala,A,CONFIRMED,"Fashion-and-film carpet; honors Denis Villeneuve, Vija Celmins",LACMA press office,Gucci (long-time presenter - verify),Dinner inside LACMA
2026-11-11,2026-11-20,Cairo International Film Festival (47th),Cairo,Middle East / Egypt,Film festival,B,CONFIRMED,Oldest A-list festival in the Arab world,ciff.org.eg press,,
2026-11-12,,Latin Grammys,Las Vegas,USA / Latin,Music awards,A,CONFIRMED,Spotlight on Latin music worldwide (Univision),Latin Recording Academy press credentials,,Person of the Year gala the night before (typical)
2026-11-15,,Governors Awards (17th),Hollywood,LA,Awards gala,A,CONFIRMED,Every Oscar contender in one ballroom,Credentials@oscars.org / press.oscars.org,Rolex,Campaign dinners all week
2026-11-16,,Grammy nominations announced,Los Angeles,USA,Announcement,A,CONFIRMED,Music industry's biggest news day of the fall,Recording Academy press,,
2026-11-18,,CMA Awards (60th),Nashville,USA,Music awards,A,CONFIRMED,Country's biggest night,CMA media credentials,,
2026-11-19,2026-11-27,Doha Film Festival,Doha,Middle East / Qatar,Film festival,B,CONFIRMED,Qatar's new flagship festival (Doha Film Institute),dohafilm.com press,Doha Film Institute,
2026-11-20,2026-11-21,MAMA Awards,Osaka (Kyocera Dome),Asia / K-pop,Music awards,A,CONFIRMED,"K-pop's biggest stage, watched worldwide",CJ ENM newsroom,CJ ENM,
2026-11-20,2026-11-28,Marrakech International Film Festival (23rd),Marrakech,Africa / Morocco,Film festival,A,CONFIRMED,Hollywood A-listers in North Africa,marrakech-festival.com press,Royal patronage,
2026-11,,Baby2Baby Gala,Los Angeles,LA,Charity gala,A,TYPICAL - confirm,Biggest celebrity charity carpet in LA (2025: Nov 8),Baby2Baby press,Paul Mitchell (historic - verify),
2026-11,,MTV EMA,Europe (TBA),Europe,Music awards,B,REPORTED - not yet official,Not confirmed for 2026 - check MTV/Paramount,Paramount press,,
2026-12-03,2026-12-04,MDLBEAST Soundstorm,Riyadh (Banban),Middle East / Saudi,Music festival,A,REPORTED - not yet official,Biggest music festival in the Middle East (earlier editions were postponed once - verify),MDLBEAST media accreditation,MDLBEAST,
2026-12,,Red Sea International Film Festival,Jeddah,Middle East / Saudi,Film festival,A,POSTPONED,POSTPONED: Dec 2026 edition moved to Q4 2027. Year-round programs start Nov 2026,Red Sea Film Foundation press,,Watch for the new 2027 dates
2026-12,,Golden Globe nominations,Beverly Hills,LA,Announcement,A,TYPICAL - confirm,Opens the January sprint,Golden Globes press,,
2026-12,,THR Women in Entertainment breakfast,Los Angeles,LA,Industry event,B,TYPICAL - confirm,Power list of the year,THR events,,
2027-01-03,,Critics Choice Awards,Los Angeles area (venue TBA),LA,Awards,A,CONFIRMED,"First televised awards of 2027 (E!, USA)",Critics Choice Association press,,
2027-01-10,,Golden Globe Awards,Beverly Hills (Beverly Hilton - usual home),LA,Awards,A,CONFIRMED,Hollywood's party of the year (CBS),Golden Globes press credentials,,"Studio after-parties; gift suites all week (GBK, DPA historically)"
2027-01,,Joy Awards,Riyadh,Middle East / Saudi,Awards,A,TYPICAL - confirm,Arab world's biggest star-voted awards (2026: Jan 17); Hollywood guests every year,GEA media center,GEA / Riyadh Season,
2027-01-21,,Oscar nominations announced,Beverly Hills,LA,Announcement,A,CONFIRMED,Biggest morning in film,press.oscars.org,,
2027-01-21,2027-01-31,Sundance Film Festival (first Boulder edition),"Boulder, CO",USA,Film festival,A,CONFIRMED,Indie discovery; historic move from Park City,Sundance press office,,Brand lounges and dinners
2027-01,,Paris Haute Couture Week (SS27),Paris,Europe / France,Fashion week,A,TYPICAL - confirm,Couture: celebrities in the front row,FHCM accreditation,,
2027-01-30,,DGA Awards,Los Angeles,LA,Guild awards,B,CONFIRMED,Strong Oscar predictor,DGA press,,
2027-02,,Clive Davis Pre-Grammy Gala,Beverly Hills (Beverly Hilton),LA,Gala,A,TYPICAL - confirm,Night before the Grammys; the music industry's hottest room,Recording Academy / Sony Music press,,"Roc Nation Brunch, MusiCares, label parties - Grammy weekend"
2027-02-07,,Grammy Awards (69th),Los Angeles (Crypto.com Arena),LA,Music awards,A,CONFIRMED,Top of the chain for all music. First year on ABC,Recording Academy media credentials,,"Grammy week: MusiCares Person of the Year, label after-parties, gift lounges"
2027-02-10,2027-02-21,Berlinale,Berlin,Europe / Germany,Film festival,A,CONFIRMED,First big European festival of the year (awards Feb 19),Berlinale press accreditation,,
2027-02,,New York Fashion Week (FW27),New York,NYC,Fashion week,A,TYPICAL - confirm,Fashion month starts here (2026: Feb 11-16),CFDA / NYFW press,,
2027-02,,London / Milan / Paris Fashion Weeks (FW27),"London, Milan, Paris",Europe,Fashion week,A,TYPICAL - confirm,"Spotlight crosses the Atlantic: London mid-Feb, Milan late Feb, Paris early March","BFC, Camera Moda, FHCM accreditation",,
2027-02-21,,BAFTA Film Awards,London,UK / Europe,Awards,A,CONFIRMED,Britain's Oscars,BAFTA media centre,EE,BAFTA nominees parties
2027-02-27,,BRIT Awards,Manchester (Co-op Live),UK / Europe,Music awards,A,CONFIRMED,UK music's biggest night (ITV),BPI / BRITs press,,
2027-02-27,,PGA Awards,Los Angeles,LA,Guild awards,B,CONFIRMED,Best Picture predictor,PGA press,,
2027-02-28,,SAG Actor Awards,Los Angeles,LA,Awards,A,CONFIRMED,Actors honoring actors,SAG-AFTRA press,,
2027-02,,NAACP Image Awards,Los Angeles (TBA),LA,Awards,A,TYPICAL - confirm,"Black Hollywood's biggest night; nominees Jan 7, now with 10 African categories",NAACP / BET press,BET,
2027-03,,ESSENCE Black Women in Hollywood,Los Angeles,LA,Industry luncheon,A,TYPICAL - confirm,Oscar week tradition,ESSENCE press,,
2027-03-06,,Film Independent Spirit Awards,Santa Monica,LA,Awards,A,CONFIRMED,Indie film awards in the beach tent; Oscar week warm-up,Film Independent press,,
2027-03-13,2027-03-21,SXSW (conference & festivals Mar 15-21),Austin,USA,Film / music / tech,A,CONFIRMED,"Where film, music and tech collide",SXSW press registration,,"Brand houses, label showcases"
2027-03-14,,Academy Awards (99th Oscars),Hollywood (Dolby Theatre),LA,Awards,A,CONFIRMED,Top of the chain for film. ABC/Hulu,Credentials@oscars.org,,"Governors Ball; Vanity Fair Oscar Party (moved to LACMA in 2026); Elton John AIDS Foundation party; gift suites (Distinctive Assets ""Everyone Wins"")"
2027-04-09,2027-04-18,"Coachella (two weekends: Apr 9-11, 16-18)","Indio, CA",USA,Music festival,A,CONFIRMED,Every brand and celebrity in the desert,Goldenvoice press,,"Revolve Festival, brand parties"
2027-04-25,,BAFTA TV Craft Awards,London,UK / Europe,Awards,B,CONFIRMED,,BAFTA media centre,,
2027-05-03,,Met Gala,New York,NYC,Gala,A,CONFIRMED,Fashion's biggest night; theme: John Galliano,Vogue / Condé Nast (invite-only press pen),,After-parties across Manhattan
2027-05-09,,BAFTA Television Awards,London,UK / Europe,Awards,A,CONFIRMED,Britain's Emmys,BAFTA media centre,P&O Cruises,
2027-05,,TV Upfronts,New York,NYC,Industry,B,TYPICAL - confirm,Networks and streamers sell next season to advertisers,Network press offices,,
2027-05-11,2027-05-22,Cannes Film Festival (80th anniversary),Cannes,Europe / France,Film festival,A,CONFIRMED,The world's most watched carpet; 80th edition,festival-cannes.com press accreditation,"Chopard, L'Oreal Paris (official partners - verify)","amfAR Gala, yacht parties, Hotel du Cap"
2027-06-03,2027-06-12,Tribeca Festival (26th),New York,NYC,Film festival,A,CONFIRMED,NYC's film-and-culture festival,tribecafilm.com/press-center,,
2027-06-13,,Tony Awards,New York,NYC,Theater awards,A,REPORTED - not yet official,Broadway's biggest night,Tony Awards press,,
2027-06,,Saudi Film Festival,Dhahran (Ithra),Middle East / Saudi,Film festival,B,TYPICAL - confirm,Saudi homegrown cinema (2026: Jun 26-Jul 2),Ithra / Saudi Film Commission,,
2027-06-27,,BET Awards,Los Angeles,LA,Awards,A,REPORTED - not yet official,Culture's biggest night - BET has not confirmed,BET press,,BET Experience weekend
2027-07,,ESSENCE Festival of Culture,New Orleans,USA,Festival,A,TYPICAL - confirm,July 4th weekend; Black culture's biggest gathering,ESSENCE press,Coca-Cola,
2027-07,,San Diego Comic-Con,San Diego,USA,Fan convention,A,TYPICAL - confirm,Studios and streamers launch franchises,Comic-Con press,,
2027-07,,Primetime Emmy nominations,Los Angeles,LA,Announcement,A,TYPICAL - confirm,Opens TV awards season,Television Academy press,,
2027-09-01,,Venice Film Festival opens,Venice,Europe / Italy,Film festival,A,REPORTED - not yet official,Oscar season launches here,labiennale.org accreditation,,
2027-09-09,,Toronto International Film Festival opens,Toronto,Canada,Film festival,A,REPORTED - not yet official,Biggest public festival; Oscar launchpad,TIFF press,,
2027-09,,NYFW / London / Milan / Paris (SS28),"New York, London, Milan, Paris",Global,Fashion weeks,A,TYPICAL - confirm,September fashion month,"CFDA, BFC, Camera Moda, FHCM",,
2027-09,,Primetime Emmy Awards (79th),Los Angeles,LA,TV awards,A,TYPICAL - confirm,Top of the chain for TV and streaming,Television Academy press,,"Studio afterparties (Netflix, HBO, Disney, Apple); Governors Gala; Giving Suite"
2027-09,,MTV Video Music Awards,TBA,USA,Music awards,A,TYPICAL - confirm,,Paramount press,,
2027-09,,Middle East Film & Comic Con,Abu Dhabi (ADNEC),Middle East / UAE,Fan convention,B,TYPICAL - confirm,Hollywood actors meet Gulf fans (2026: Sep 11-13),MEFCC press,,
2027-Q4,,Red Sea International Film Festival (returns),Jeddah,Middle East / Saudi,Film festival,A,TYPICAL - confirm,Comes back in Q4 2027 - dates not set,Red Sea Film Foundation press,,
