Date,Event,What it is,Where,City,Category,Status,Gatekeeper / how to get in,Link,Sponsor / presenter
2026-10-09,"""The Legend of Aang: The Last Airbender"" opens",Paramount animated tentpole,Theaters,LA,Premiere,CONFIRMED,Paramount publicity (press site),paramount.com/press,
2026-10,Khloé Kardashian's pumpkin party,"Her annual Halloween pumpkin-decorating party at home (2025: Oct 16, with Kris Jenner and Meghan Trainor)",Private home,Hidden Hills,Halloween,PRIVATE - invite only,No press. Covered from the family's Instagram posts the same night.,,
2026-10,Carousel of Hope Ball,"Children's Diabetes Foundation black-tie ball, held in even years (2022: Oct 8)",The Beverly Hilton,Beverly Hills,Gala,REPORTED,Children's Diabetes Foundation press,childrensdiabetesfoundation.org,
2026-10-16,"""Whalefall"" opens (Josh Brolin)",20th Century Studios thriller,Theaters,LA,Premiere,CONFIRMED,Disney / 20th Century publicity,,
2026-10-16,"LA Fashion Week (The Bureau), Oct 16-18","Five runway shows: Fri 6:00 and 8:30 p.m.; Sat 2:30, 5:30 and 8:30 p.m. Tickets from $72.95; front row from $202.95.","The Lot Studios, 1041 N Formosa Ave",West Hollywood,Fashion,CONFIRMED,Media request through the organizer's site,thebureaufashionweek.com/los-angeles-fashion-week/,
2026-10,LA Fashion Week powered by Art Hearts Fashion,"LA's other fashion week: theatrical runway shows, celebrity guests, Getty photographers. Art Hearts has posted its 2026 plans on its Instagram (per Terry).",TBA (2025: downtown LA),Los Angeles,Fashion,TYPICAL - confirm,Art Hearts Fashion press office,artheartsfashion.com,
2026-10-17,Academy Museum Gala (6th),"Honors Charlize Theron, Colman Domingo, John Carpenter; co-chairs Steven Spielberg, Kate Capshaw, Robert Rodriguez","Academy Museum, 6067 Wilshire Blvd",Los Angeles,Gala,CONFIRMED,"Academy Museum press office, (310) 247-3000",academymuseum.org/press,Rolex
2026-10-18,"Victoria's Secret Fashion Show, 4:30 p.m. PT","First LA show. Performers: Megan Thee Stallion, Tate McRae, Megan Moroney, KATSEYE. Models include Gigi Hadid, Alex Consani, Paloma Elsesser, Abby Champion. Streams on YouTube, TikTok, Instagram.",Los Angeles (venue not yet announced),Los Angeles,Fashion / red carpet,CONFIRMED,Victoria's Secret & Co. corporate communications,,
2026-10-21,"AFI Fest (40th), Oct 21-25",Oscar contenders' LA premieres; gala carpet every night,TCL Chinese Theatres,Hollywood,Film festival,CONFIRMED,AFI press accreditation,afi.com/press,Canva
2026-10-21,"Lakers opening night vs. Warriors, 7 p.m.",Courtside celebrity row on opening night (ESPN),Crypto.com Arena,Los Angeles,Sports,CONFIRMED,Lakers media relations (sports credentials); celebrity row is covered by photo agencies,,
2026-10-23,"World Series, Oct 23-31","If the Dodgers make it, Dodger Stadium is celebrity central",Dodger Stadium (if Dodgers),Los Angeles,Sports,CONFIRMED,MLB postseason media credentials,,
2026-10-23,"""Clayface"" (DC) and ""Wildwood"" (Laika) open",DC horror film; Laika stop-motion film,Theaters,LA,Premiere,REPORTED,Warner Bros. press; Laika publicity,press.wbd.com,
2026-10,"Jamie Foxx family's ""Skvlk Fest"" Halloween party","Annual Halloween and birthday party started by his daughter Anelise. 2025 performers: Tyga, GloRilla.",Foxx home,Thousand Oaks,Halloween,PRIVATE - invite only,Private. Approach through performers' and guests' publicists; covered from guests' posts.,,
2026-10,Casamigos Halloween Party,"The West Coast's hottest costume party. Hosts: Rande Gerber, Mike Meldman and Rachel Zalis (George Clooney co-founded the brand). Past guests: Cindy Crawford, Kaia Gerber, Paris Hilton.",Private home,Beverly Hills,Halloween,PRIVATE - invite only,No press inside; arrival photos by agencies; Daily Front Row and ET cover it,,Casamigos
2026-10-30,Daytime Emmy Awards (53rd),Daytime TV's biggest night; red carpet,Hollywood Palladium,Hollywood,Awards / red carpet,CONFIRMED,NATAS press credentials page,theemmys.tv,
2026-10-30,"My Chemical Romance ""Devil's Night"", Oct 30-31",Final tour dates on Halloween weekend,Hollywood Bowl,Hollywood,Concert,CONFIRMED,LA Phil / Hollywood Bowl press,,
2026-10-31,"West Hollywood Halloween Carnaval, 6-11 p.m.","100,000+ in costume",Santa Monica Blvd,West Hollywood,Halloween,CONFIRMED,City of West Hollywood public information office,weho.org,
2026-10-31,"Phoebe Bridgers, The Lost Tour",Halloween-night arena show,Intuit Dome,Inglewood,Concert,CONFIRMED,Venue / promoter press,,
2026-10-31,Heidi Klum's Halloween party,The most-photographed costume party in America (2025: Hard Rock Hotel),New York,New York,Halloween,TYPICAL - confirm,Press line at arrivals,,
2026-11-02,American Cinematheque Award to Ryan Gosling,40th annual black-tie tribute,The Beverly Hilton,Beverly Hills,Gala / red carpet,CONFIRMED,American Cinematheque press,americancinematheque.com,
2026-11-02,CFDA Fashion Awards (host Keke Palmer),American fashion's Oscars,American Museum of Natural History,New York,Fashion / red carpet,CONFIRMED,CFDA press,cfda.com,Amazon Fashion
2026-11-07,LACMA Art+Film Gala (15th),Honors Denis Villeneuve and Vija Celmins,LACMA,Los Angeles,Gala,CONFIRMED,LACMA press office,lacma.org,Gucci (long-time presenter; verify)
2026-11,Baby2Baby Gala,LA's starriest charity carpet (2025: Nov 8),Los Angeles,Los Angeles,Gala,TYPICAL - confirm,Baby2Baby press,baby2baby.org,
2026-11-12,GQ Men of the Year,One of the year's most exclusive parties,Los Angeles,Los Angeles,Party / red carpet,REPORTED,Condé Nast communications,,
2026-11,Critics Choice Celebration of AAPI Cinema & TV,"Honors Asian American and Pacific Islander talent (2025: Nov 14, Beverly Hills)",Beverly Hills,Beverly Hills,Awards,TYPICAL - confirm,Critics Choice Association press,criticschoice.com,
2026-11-14,"Camp Flog Gnaw, Nov 14-15","Tyler, the Creator's festival",Dodger Stadium,Los Angeles,Concert / festival,CONFIRMED,Goldenvoice press,,
2026-11-15,Governors Awards (17th),"Honorees: Glenn Close, Floyd Norman, Ridley Scott; Thalberg to Christine Vachon & Pamela Koffler",Ray Dolby Ballroom,Hollywood,Awards / red carpet,CONFIRMED,Credentials@oscars.org,press.oscars.org,Rolex
2026-11-16,Grammy nominations,Music's biggest news day of the fall,Los Angeles,Los Angeles,Music,CONFIRMED,Recording Academy press,grammy.com,
2026-11,ELLE Women in Hollywood,"A-list women's celebration (2025: Nov 17, Four Seasons LA)",Los Angeles,Los Angeles,Party / red carpet,TYPICAL - confirm,Hearst Magazines communications,,
2026-11-18,Hollywood Music in Media Awards (17th),"Film, TV and game music; Oscar song contenders","Avalon Hollywood, 1735 Vine St",Hollywood,Awards,CONFIRMED,HMMA press,,
2026-11,Hunger Games: Sunrise on the Reaping premiere,Lionsgate's biggest film of the year; opens Nov 20,LA (TBA),Los Angeles,Premiere,TYPICAL - confirm,Lionsgate publicity,lionsgatepublicity.com,
2026-11-21,KATSEYE: The Wildworld Tour,Global girl group arena show,Crypto.com Arena,Los Angeles,Concert,CONFIRMED,Venue / promoter press,,
2026-11,The Grove Christmas tree lighting,Celebrity hosts and performers,The Grove,Los Angeles,Holiday,TYPICAL - confirm,Caruso press,,
2026-11-26,"Greta Gerwig's ""Narnia"" opens in IMAX",Netflix's theatrical event; streams Christmas Day,IMAX theaters,LA,Premiere,CONFIRMED,Netflix publicity,media.netflix.com,
2026-11-29,Hollywood Christmas Parade,Celebrity grand marshals and floats; produced by Associated Television International,Hollywood Blvd,Hollywood,Holiday / red carpet,CONFIRMED,Parade producer ATI media credentials,,
2026-11-30,Gotham Awards (36th),First big awards of the season,New York,New York,Awards,CONFIRMED,The Gotham press,thegotham.org,
2026-12-02,Rockefeller Center tree lighting,Live on NBC with music stars,Rockefeller Center,New York,Holiday,CONFIRMED,NBC / Rockefeller Center press,,
2026-12-04,iHeartRadio Jingle Ball LA,"Olivia Rodrigo, Hilary Duff, RAYE, OneRepublic; red carpet before the show",Intuit Dome,Inglewood,Concert / red carpet,CONFIRMED,iHeartMedia communications,iheartmedia.com/press,Capital One
2026-12,Golden Globe and Critics Choice nominations,Opens the January sprint,Los Angeles,Los Angeles,Awards,TYPICAL - confirm,Golden Globes / Critics Choice press,,
2026-12,Critics Choice Celebration of Black Cinema & TV,"Honors Black film and TV talent (2025: Dec 9, LA)",Los Angeles,Los Angeles,Awards,TYPICAL - confirm,Critics Choice Association press,criticschoice.com,
2026-12,THR Women in Entertainment; Variety Hitmakers,Power lists and year-end industry parties,Los Angeles,Los Angeles,Industry,TYPICAL - confirm,THR events; Variety events,,
2026-12,Avengers: Doomsday world premiere,"Marvel's biggest film; LA world premiere confirmed by a Fandango contest, date TBA (opens Dec 18)",Los Angeles (TBA),Los Angeles,Premiere,REPORTED,Disney Studios / Marvel publicity,,
2026-12,Dune: Part Three premiere,Opens Dec 18,TBA,Los Angeles,Premiere,TYPICAL - confirm,Warner Bros. press,press.wbd.com,
2026-12-14,Gracie Abrams,Arena show,Kia Forum,Inglewood,Concert,CONFIRMED,Venue / promoter press,,Capital One
2026-12,Seth MacFarlane's holiday party,See the Private parties tab,Private,Los Angeles,Holiday,PRIVATE - invite only,His publicist; covered after the fact,,
2026-12-25,"""Jumanji: Open World"" (Sony) opens; ""Narnia"" streams on Netflix",Christmas Day releases,Theaters / Netflix,LA,Premiere,REPORTED,Sony publicity; Netflix publicity,,
