Event,2023,2024,2025,2026,2026 status,The pattern,Where,Source
Children's Hospital LA Gala,—,Oct 5 (L.A. Live),— (every other year),Early October,PROJECTED,"Every two years, first Saturday of October. Check chla.org: it may be this week or already past.",L.A. Live,CHLA; Just Jared; Getty
Carousel of Hope Ball,—,—,—,October,PROJECTED,Even-numbered years in October (2022: Oct 8),The Beverly Hilton,Children's Diabetes Foundation; Variety
L.A. Loves Alex's Lemonade,—,—,Early October (13th annual),Early October,PROJECTED,Early October; may already be past,UCLA Royce Quad,LAmag October 2025 round-up
HollyRod DesignCare Gala,—,—,October,October,PROJECTED,October; honored Don Cheadle in 2025,LA,LAmag October 2025
Academy Museum Gala,Dec 3 (moved after Oct 7 attacks),Oct 19,Oct 18,Oct 17,CONFIRMED,Third Saturday of October,Academy Museum,ET; Deadline; TheWrap; LAmag
Chrysalis Butterfly Ball,—,—,Oct 18,Mid-October,PROJECTED,Same night as the Academy Museum Gala in 2025,"The Beehive, South LA",LAmag October 2025
AFI Fest,—,Oct 23-27,Oct 22-26,Oct 21-25,CONFIRMED,"Wednesday to Sunday, fourth week of October",TCL Chinese,AFI press releases
Daytime Emmys,Dec 15 (delayed by strikes),June 7,Oct 17 (Pasadena),Oct 30 (Palladium),CONFIRMED,"Moved to the fall in 2025, and the move stuck",Hollywood Palladium,Wikipedia; TV Insider
Casamigos Halloween Party,Fri Oct 27,Late October,Late October,Fri Oct 30 (projected),PROJECTED,The Friday before Halloween,"Private home, Beverly Hills",Haute Living; Fashion Week Daily; Resident
Swarovski Masters of Light,—,—,Oct 28 (Amoeba Music),Late October,WATCH,"New in 2025 (Cher, Kylie Jenner, Viola Davis attended). Watch whether it returns.","Amoeba Music, Hollywood",LAmag October 2025
Simon Wiesenthal Center Humanitarian Award dinner,—,—,Oct 30 (David Zaslav; Spielberg presented),Late October,WATCH,Annual dinner; date varies,Beverly Wilshire,LAmag; Variety
Janelle Monáe Halloween party,—,—,"Oct 30 (Santa Monica Pier, Bacardí)",Around Halloween,WATCH,Brand-sponsored Halloween party; watch for 2026,Santa Monica Pier,Variety October 2025 gallery
Heidi Klum's Halloween party,Oct 31,Oct 31,"Oct 31 (24th, Hard Rock Hotel NY)",Sat Oct 31,PROJECTED,Always on Halloween night,New York,Getty; NBC
West Hollywood Halloween Carnaval,Oct 31,Oct 31,Oct 31,Oct 31,CONFIRMED,Always on Halloween night,Santa Monica Blvd,Visit West Hollywood
LACMA Art+Film Gala,Nov 4,Nov 2,Nov 1,Nov 7,CONFIRMED,First Saturday of November; presented by Gucci; co-chairs Eva Chow and Leonardo DiCaprio,LACMA,LAmag; WWD; W Magazine
Kate Spade x Nylon holiday party,—,—,Nov 5 (Chateau Marmont),Early November,WATCH,Brand holiday kickoff,Chateau Marmont,LAmag November 2025
Women in Film x Max Mara Face of the Future,—,—,Nov 5 (Maude Apatow),Early November,WATCH,Cocktail party honoring a rising actress,Chateau Marmont,LAmag November 2025
Baby2Baby Gala,Nov 11,Nov 9,Nov 8 (raised a record $18M),Sat Nov 14 (projected),PROJECTED,Second Saturday of November,Pacific Design Center,LAmag; WWD; Tom + Lorenzo
St. Jude Evening of Hope (LA),—,—,Nov 8 (raised $5.5M),Mid-November,PROJECTED,Same weekend as Baby2Baby in 2025,Fairmont Century Plaza,LAmag November 2025
GQ Men of the Year,November (Chateau Marmont),Thu Nov 14 (Bar Marmont),"Thu Nov 13 (Chateau Marmont, 30th anniversary)",Thu Nov 12 (projected; also reported),PROJECTED,Second Thursday of November at the Chateau,Chateau Marmont,TMZ; The Zoe Report; Variety
Critics Choice Celebration of AAPI Cinema & TV,—,—,Nov 14 (Four Seasons Beverly Hills),Mid-November,PROJECTED,Mid-November,Four Seasons Beverly Hills,IMDb; Critics Choice
Hilarity for Charity Friendsgiving,—,—,Nov 15 (Seth and Lauren Rogen),Mid-November,PROJECTED,Weekend before Thanksgiving,"Rolling Greens, DTLA",LAmag November 2025
Governors Awards,"Jan 9, 2024 (delayed by strikes)",Nov 17,Nov 16,Nov 15,CONFIRMED,Third Sunday of November,Ray Dolby Ballroom,Academy press releases
ELLE Women in Hollywood,Dec 5,Tue Nov 19,Mon Nov 17,Mon or Tue Nov 16-17 (projected),PROJECTED,Moved from December to mid-November; Four Seasons,Four Seasons Beverly Hills,ET; Hearst
The Grove Christmas tree lighting,November,November,Nov 17 (host Lance Bass),Mid-November,PROJECTED,Mid-November; Lance Bass hosts,The Grove,LAmag
Hollywood Music in Media Awards,—,Wed Nov 20,Wed Nov 19,Wed Nov 18,CONFIRMED,The Wednesday before Thanksgiving week,Avalon Hollywood,Wikipedia; Music Connection
One Drop Gala LA,—,—,Nov 18 (John Legend spoke),Mid-November,WATCH,Watch for 2026,Audrey Irmas Pavilion,Variety November 2025 gallery
Kathy & Nicky Hilton Holiday Pajama Party,Nov 18 (3rd annual),November,November,Mid-November,PROJECTED,Mid-November at Kathy's home; benefits animal rescues,Private home,LAmag; Look to the Stars
Give Her FlowHERS Awards Gala,—,—,Nov 21 (Ciara honored),Late November,WATCH,Femme It Forward's gala,The Beverly Hilton,Variety November 2025 gallery
Hollywood Christmas Parade,Nov 26,Dec 1,Nov 30,Nov 29,CONFIRMED,Sunday after Thanksgiving,Hollywood Blvd,Hollywood Christmas Parade
Tory Burch BirthFund fundraiser,—,—,Dec 4,Early December,WATCH,Holiday fundraiser,LA,LAmag December 2025
iHeartRadio Jingle Ball LA,Dec 1 (Kia Forum),Dec 6 (Intuit Dome),Fri Dec 5 (Intuit Dome),Fri Dec 4,CONFIRMED,First Friday of December,Intuit Dome,iHeartMedia; Billboard
Ralph Lauren Holiday Experience,—,—,"Dec 5 (Kate Hudson, Ali Wong, Laufey)",Early December,WATCH,Brand holiday party,LA,LAmag December 2025
GEANCO Family Reunion Hollywood Gala,—,—,Dec 5 (1 Hotel; David Oyelowo),Early December,WATCH,Africa-focused charity gala,1 Hotel West Hollywood,Variety December 2025
Variety Hitmakers,Sat Dec 2,Sat Dec 7,Sat Dec 6,Sat Dec 5 (projected),PROJECTED,First Saturday of December,LA,Wikipedia; BroadwayWorld
American Cinematheque Award,—,Dec 6 (Jessica Chastain),—,Mon Nov 2 (Ryan Gosling),CONFIRMED,Moved from December to early November this year,The Beverly Hilton,LAmag; TheWrap
Streamer Awards,—,—,Dec 6 (Wiltern),Early December,PROJECTED,Creator awards; early December,The Wiltern,Wikipedia
Golden Globe nominations,—,—,Mon Dec 8 (Beverly Hilton),Early December,PROJECTED,Second Monday of December,The Beverly Hilton,Getty / Variety
Critics Choice Celebration of Black Cinema & TV,—,Dec 9,Dec 9 (Fairmont Century Plaza),Around Dec 8-9 (projected),PROJECTED,December 9 two years running,Fairmont Century Plaza,Wikipedia; AwardsWatch
Big December studio premiere,—,"Dec 10: ""A Complete Unknown"" (Dolby Theatre)","Dec 15: ""The Housemaid"" (after-party at TAO)","Mid-December: Avengers: Doomsday, Dune: Part Three",PROJECTED,The biggest holiday films premiere in LA in mid-December,Dolby Theatre / TCL Chinese,LAmag; Variety
Seth MacFarlane's holiday party,Dec 9-10 (Tiffany Haddish performed),December,December,Early to mid-December,PROJECTED,Early to mid-December,Private,TMZ
Kathy Hilton's holiday party,December,December,Dec 15,Mid-December,PROJECTED,Mid-December at her home,Private home,Bravo Daily Dish; ET
TCL Chinese hand and footprint ceremonies,—,—,Dec 16 (SpongeBob),Ongoing,WATCH,Public ceremonies year-round: open access to stars,TCL Chinese Theatre,Variety December 2025
TikTok Awards,—,—,"Dec 18 (inaugural, Palladium; host La La Anthony)",Mid-December,WATCH,Started in 2025; watch whether it returns,Hollywood Palladium,LAmag December 2025
THR Women in Entertainment,December,December,December,Early to mid-December,PROJECTED,Early to mid-December,LA,THR
